audio_file,label,target,path
spoof_ai_297,spoof,1,C:\Users\jayde\OneDrive\Attachments\Documents\Desktop\Projects\ASVspoof\data\sample_audio\spoof_ai_297.wav
spoof_ai_268,spoof,1,C:\Users\jayde\OneDrive\Attachments\Documents\Desktop\Projects\ASVspoof\data\sample_audio\spoof_ai_268.wav
bonafide_human_064,bonafide,0,C:\Users\jayde\OneDrive\Attachments\Documents\Desktop\Projects\ASVspoof\data\sample_audio\bonafide_human_064.wav
spoof_ai_134,spoof,1,C:\Users\jayde\OneDrive\Attachments\Documents\Desktop\Projects\ASVspoof\data\sample_audio\spoof_ai_134.wav
bonafide_human_067,bonafide,0,C:\Users\jayde\OneDrive\Attachments\Documents\Desktop\Projects\ASVspoof\data\sample_audio\bonafide_human_067.wav
spoof_ai_222,spoof,1,C:\Users\jayde\OneDrive\Attachments\Documents\Desktop\Projects\ASVspoof\data\sample_audio\spoof_ai_222.wav
bonafide_human_347,bonafide,0,C:\Users\jayde\OneDrive\Attachments\Documents\Desktop\Projects\ASVspoof\data\sample_audio\bonafide_human_347.wav
spoof_ai_091,spoof,1,C:\Users\jayde\OneDrive\Attachments\Documents\Desktop\Projects\ASVspoof\data\sample_audio\spoof_ai_091.wav
spoof_ai_361,spoof,1,C:\Users\jayde\OneDrive\Attachments\Documents\Desktop\Projects\ASVspoof\data\sample_audio\spoof_ai_361.wav
spoof_ai_057,spoof,1,C:\Users\jayde\OneDrive\Attachments\Documents\Desktop\Projects\ASVspoof\data\sample_audio\spoof_ai_057.wav
bonafide_human_066,bonafide,0,C:\Users\jayde\OneDrive\Attachments\Documents\Desktop\Projects\ASVspoof\data\sample_audio\bonafide_human_066.wav
bonafide_human_287,bonafide,0,C:\Users\jayde\OneDrive\Attachments\Documents\Desktop\Projects\ASVspoof\data\sample_audio\bonafide_human_287.wav
spoof_ai_236,spoof,1,C:\Users\jayde\OneDrive\Attachments\Documents\Desktop\Projects\ASVspoof\data\sample_audio\spoof_ai_236.wav
bonafide_human_068,bonafide,0,C:\Users\jayde\OneDrive\Attachments\Documents\Desktop\Projects\ASVspoof\data\sample_audio\bonafide_human_068.wav
bonafide_human_328,bonafide,0,C:\Users\jayde\OneDrive\Attachments\Documents\Desktop\Projects\ASVspoof\data\sample_audio\bonafide_human_328.wav
bonafide_human_396,bonafide,0,C:\Users\jayde\OneDrive\Attachments\Documents\Desktop\Projects\ASVspoof\data\sample_audio\bonafide_human_396.wav
bonafide_human_245,bonafide,0,C:\Users\jayde\OneDrive\Attachments\Documents\Desktop\Projects\ASVspoof\data\sample_audio\bonafide_human_245.wav
bonafide_human_378,bonafide,0,C:\Users\jayde\OneDrive\Attachments\Documents\Desktop\Projects\ASVspoof\data\sample_audio\bonafide_human_378.wav
spoof_ai_211,spoof,1,C:\Users\jayde\OneDrive\Attachments\Documents\Desktop\Projects\ASVspoof\data\sample_audio\spoof_ai_211.wav
spoof_ai_127,spoof,1,C:\Users\jayde\OneDrive\Attachments\Documents\Desktop\Projects\ASVspoof\data\sample_audio\spoof_ai_127.wav
spoof_ai_259,spoof,1,C:\Users\jayde\OneDrive\Attachments\Documents\Desktop\Projects\ASVspoof\data\sample_audio\spoof_ai_259.wav
spoof_ai_130,spoof,1,C:\Users\jayde\OneDrive\Attachments\Documents\Desktop\Projects\ASVspoof\data\sample_audio\spoof_ai_130.wav
spoof_ai_223,spoof,1,C:\Users\jayde\OneDrive\Attachments\Documents\Desktop\Projects\ASVspoof\data\sample_audio\spoof_ai_223.wav
spoof_ai_322,spoof,1,C:\Users\jayde\OneDrive\Attachments\Documents\Desktop\Projects\ASVspoof\data\sample_audio\spoof_ai_322.wav
bonafide_human_361,bonafide,0,C:\Users\jayde\OneDrive\Attachments\Documents\Desktop\Projects\ASVspoof\data\sample_audio\bonafide_human_361.wav
bonafide_human_031,bonafide,0,C:\Users\jayde\OneDrive\Attachments\Documents\Desktop\Projects\ASVspoof\data\sample_audio\bonafide_human_031.wav
bonafide_human_261,bonafide,0,C:\Users\jayde\OneDrive\Attachments\Documents\Desktop\Projects\ASVspoof\data\sample_audio\bonafide_human_261.wav
spoof_ai_238,spoof,1,C:\Users\jayde\OneDrive\Attachments\Documents\Desktop\Projects\ASVspoof\data\sample_audio\spoof_ai_238.wav
spoof_ai_347,spoof,1,C:\Users\jayde\OneDrive\Attachments\Documents\Desktop\Projects\ASVspoof\data\sample_audio\spoof_ai_347.wav
spoof_ai_171,spoof,1,C:\Users\jayde\OneDrive\Attachments\Documents\Desktop\Projects\ASVspoof\data\sample_audio\spoof_ai_171.wav
bonafide_human_216,bonafide,0,C:\Users\jayde\OneDrive\Attachments\Documents\Desktop\Projects\ASVspoof\data\sample_audio\bonafide_human_216.wav
bonafide_human_079,bonafide,0,C:\Users\jayde\OneDrive\Attachments\Documents\Desktop\Projects\ASVspoof\data\sample_audio\bonafide_human_079.wav
spoof_ai_179,spoof,1,C:\Users\jayde\OneDrive\Attachments\Documents\Desktop\Projects\ASVspoof\data\sample_audio\spoof_ai_179.wav
bonafide_human_384,bonafide,0,C:\Users\jayde\OneDrive\Attachments\Documents\Desktop\Projects\ASVspoof\data\sample_audio\bonafide_human_384.wav
bonafide_human_040,bonafide,0,C:\Users\jayde\OneDrive\Attachments\Documents\Desktop\Projects\ASVspoof\data\sample_audio\bonafide_human_040.wav
bonafide_human_024,bonafide,0,C:\Users\jayde\OneDrive\Attachments\Documents\Desktop\Projects\ASVspoof\data\sample_audio\bonafide_human_024.wav
spoof_ai_293,spoof,1,C:\Users\jayde\OneDrive\Attachments\Documents\Desktop\Projects\ASVspoof\data\sample_audio\spoof_ai_293.wav
bonafide_human_399,bonafide,0,C:\Users\jayde\OneDrive\Attachments\Documents\Desktop\Projects\ASVspoof\data\sample_audio\bonafide_human_399.wav
spoof_ai_397,spoof,1,C:\Users\jayde\OneDrive\Attachments\Documents\Desktop\Projects\ASVspoof\data\sample_audio\spoof_ai_397.wav
spoof_ai_342,spoof,1,C:\Users\jayde\OneDrive\Attachments\Documents\Desktop\Projects\ASVspoof\data\sample_audio\spoof_ai_342.wav
bonafide_human_140,bonafide,0,C:\Users\jayde\OneDrive\Attachments\Documents\Desktop\Projects\ASVspoof\data\sample_audio\bonafide_human_140.wav
bonafide_human_251,bonafide,0,C:\Users\jayde\OneDrive\Attachments\Documents\Desktop\Projects\ASVspoof\data\sample_audio\bonafide_human_251.wav
bonafide_human_175,bonafide,0,C:\Users\jayde\OneDrive\Attachments\Documents\Desktop\Projects\ASVspoof\data\sample_audio\bonafide_human_175.wav
bonafide_human_324,bonafide,0,C:\Users\jayde\OneDrive\Attachments\Documents\Desktop\Projects\ASVspoof\data\sample_audio\bonafide_human_324.wav
spoof_ai_196,spoof,1,C:\Users\jayde\OneDrive\Attachments\Documents\Desktop\Projects\ASVspoof\data\sample_audio\spoof_ai_196.wav
spoof_ai_126,spoof,1,C:\Users\jayde\OneDrive\Attachments\Documents\Desktop\Projects\ASVspoof\data\sample_audio\spoof_ai_126.wav
spoof_ai_024,spoof,1,C:\Users\jayde\OneDrive\Attachments\Documents\Desktop\Projects\ASVspoof\data\sample_audio\spoof_ai_024.wav
spoof_ai_197,spoof,1,C:\Users\jayde\OneDrive\Attachments\Documents\Desktop\Projects\ASVspoof\data\sample_audio\spoof_ai_197.wav
spoof_ai_205,spoof,1,C:\Users\jayde\OneDrive\Attachments\Documents\Desktop\Projects\ASVspoof\data\sample_audio\spoof_ai_205.wav
spoof_ai_135,spoof,1,C:\Users\jayde\OneDrive\Attachments\Documents\Desktop\Projects\ASVspoof\data\sample_audio\spoof_ai_135.wav
bonafide_human_266,bonafide,0,C:\Users\jayde\OneDrive\Attachments\Documents\Desktop\Projects\ASVspoof\data\sample_audio\bonafide_human_266.wav
bonafide_human_110,bonafide,0,C:\Users\jayde\OneDrive\Attachments\Documents\Desktop\Projects\ASVspoof\data\sample_audio\bonafide_human_110.wav
spoof_ai_267,spoof,1,C:\Users\jayde\OneDrive\Attachments\Documents\Desktop\Projects\ASVspoof\data\sample_audio\spoof_ai_267.wav
bonafide_human_295,bonafide,0,C:\Users\jayde\OneDrive\Attachments\Documents\Desktop\Projects\ASVspoof\data\sample_audio\bonafide_human_295.wav
bonafide_human_337,bonafide,0,C:\Users\jayde\OneDrive\Attachments\Documents\Desktop\Projects\ASVspoof\data\sample_audio\bonafide_human_337.wav
bonafide_human_369,bonafide,0,C:\Users\jayde\OneDrive\Attachments\Documents\Desktop\Projects\ASVspoof\data\sample_audio\bonafide_human_369.wav
spoof_ai_047,spoof,1,C:\Users\jayde\OneDrive\Attachments\Documents\Desktop\Projects\ASVspoof\data\sample_audio\spoof_ai_047.wav
bonafide_human_334,bonafide,0,C:\Users\jayde\OneDrive\Attachments\Documents\Desktop\Projects\ASVspoof\data\sample_audio\bonafide_human_334.wav
bonafide_human_199,bonafide,0,C:\Users\jayde\OneDrive\Attachments\Documents\Desktop\Projects\ASVspoof\data\sample_audio\bonafide_human_199.wav
bonafide_human_169,bonafide,0,C:\Users\jayde\OneDrive\Attachments\Documents\Desktop\Projects\ASVspoof\data\sample_audio\bonafide_human_169.wav
spoof_ai_082,spoof,1,C:\Users\jayde\OneDrive\Attachments\Documents\Desktop\Projects\ASVspoof\data\sample_audio\spoof_ai_082.wav
spoof_ai_324,spoof,1,C:\Users\jayde\OneDrive\Attachments\Documents\Desktop\Projects\ASVspoof\data\sample_audio\spoof_ai_324.wav
spoof_ai_256,spoof,1,C:\Users\jayde\OneDrive\Attachments\Documents\Desktop\Projects\ASVspoof\data\sample_audio\spoof_ai_256.wav
bonafide_human_307,bonafide,0,C:\Users\jayde\OneDrive\Attachments\Documents\Desktop\Projects\ASVspoof\data\sample_audio\bonafide_human_307.wav
bonafide_human_232,bonafide,0,C:\Users\jayde\OneDrive\Attachments\Documents\Desktop\Projects\ASVspoof\data\sample_audio\bonafide_human_232.wav
spoof_ai_023,spoof,1,C:\Users\jayde\OneDrive\Attachments\Documents\Desktop\Projects\ASVspoof\data\sample_audio\spoof_ai_023.wav
bonafide_human_050,bonafide,0,C:\Users\jayde\OneDrive\Attachments\Documents\Desktop\Projects\ASVspoof\data\sample_audio\bonafide_human_050.wav
spoof_ai_388,spoof,1,C:\Users\jayde\OneDrive\Attachments\Documents\Desktop\Projects\ASVspoof\data\sample_audio\spoof_ai_388.wav
bonafide_human_358,bonafide,0,C:\Users\jayde\OneDrive\Attachments\Documents\Desktop\Projects\ASVspoof\data\sample_audio\bonafide_human_358.wav
bonafide_human_087,bonafide,0,C:\Users\jayde\OneDrive\Attachments\Documents\Desktop\Projects\ASVspoof\data\sample_audio\bonafide_human_087.wav
spoof_ai_146,spoof,1,C:\Users\jayde\OneDrive\Attachments\Documents\Desktop\Projects\ASVspoof\data\sample_audio\spoof_ai_146.wav
bonafide_human_193,bonafide,0,C:\Users\jayde\OneDrive\Attachments\Documents\Desktop\Projects\ASVspoof\data\sample_audio\bonafide_human_193.wav
spoof_ai_396,spoof,1,C:\Users\jayde\OneDrive\Attachments\Documents\Desktop\Projects\ASVspoof\data\sample_audio\spoof_ai_396.wav
bonafide_human_034,bonafide,0,C:\Users\jayde\OneDrive\Attachments\Documents\Desktop\Projects\ASVspoof\data\sample_audio\bonafide_human_034.wav
bonafide_human_032,bonafide,0,C:\Users\jayde\OneDrive\Attachments\Documents\Desktop\Projects\ASVspoof\data\sample_audio\bonafide_human_032.wav
bonafide_human_200,bonafide,0,C:\Users\jayde\OneDrive\Attachments\Documents\Desktop\Projects\ASVspoof\data\sample_audio\bonafide_human_200.wav
bonafide_human_366,bonafide,0,C:\Users\jayde\OneDrive\Attachments\Documents\Desktop\Projects\ASVspoof\data\sample_audio\bonafide_human_366.wav
spoof_ai_087,spoof,1,C:\Users\jayde\OneDrive\Attachments\Documents\Desktop\Projects\ASVspoof\data\sample_audio\spoof_ai_087.wav
spoof_ai_195,spoof,1,C:\Users\jayde\OneDrive\Attachments\Documents\Desktop\Projects\ASVspoof\data\sample_audio\spoof_ai_195.wav
spoof_ai_169,spoof,1,C:\Users\jayde\OneDrive\Attachments\Documents\Desktop\Projects\ASVspoof\data\sample_audio\spoof_ai_169.wav
spoof_ai_029,spoof,1,C:\Users\jayde\OneDrive\Attachments\Documents\Desktop\Projects\ASVspoof\data\sample_audio\spoof_ai_029.wav
bonafide_human_138,bonafide,0,C:\Users\jayde\OneDrive\Attachments\Documents\Desktop\Projects\ASVspoof\data\sample_audio\bonafide_human_138.wav
bonafide_human_073,bonafide,0,C:\Users\jayde\OneDrive\Attachments\Documents\Desktop\Projects\ASVspoof\data\sample_audio\bonafide_human_073.wav
bonafide_human_078,bonafide,0,C:\Users\jayde\OneDrive\Attachments\Documents\Desktop\Projects\ASVspoof\data\sample_audio\bonafide_human_078.wav
spoof_ai_113,spoof,1,C:\Users\jayde\OneDrive\Attachments\Documents\Desktop\Projects\ASVspoof\data\sample_audio\spoof_ai_113.wav
spoof_ai_384,spoof,1,C:\Users\jayde\OneDrive\Attachments\Documents\Desktop\Projects\ASVspoof\data\sample_audio\spoof_ai_384.wav
spoof_ai_387,spoof,1,C:\Users\jayde\OneDrive\Attachments\Documents\Desktop\Projects\ASVspoof\data\sample_audio\spoof_ai_387.wav
bonafide_human_276,bonafide,0,C:\Users\jayde\OneDrive\Attachments\Documents\Desktop\Projects\ASVspoof\data\sample_audio\bonafide_human_276.wav
bonafide_human_362,bonafide,0,C:\Users\jayde\OneDrive\Attachments\Documents\Desktop\Projects\ASVspoof\data\sample_audio\bonafide_human_362.wav
bonafide_human_097,bonafide,0,C:\Users\jayde\OneDrive\Attachments\Documents\Desktop\Projects\ASVspoof\data\sample_audio\bonafide_human_097.wav
spoof_ai_242,spoof,1,C:\Users\jayde\OneDrive\Attachments\Documents\Desktop\Projects\ASVspoof\data\sample_audio\spoof_ai_242.wav
spoof_ai_316,spoof,1,C:\Users\jayde\OneDrive\Attachments\Documents\Desktop\Projects\ASVspoof\data\sample_audio\spoof_ai_316.wav
bonafide_human_282,bonafide,0,C:\Users\jayde\OneDrive\Attachments\Documents\Desktop\Projects\ASVspoof\data\sample_audio\bonafide_human_282.wav
bonafide_human_394,bonafide,0,C:\Users\jayde\OneDrive\Attachments\Documents\Desktop\Projects\ASVspoof\data\sample_audio\bonafide_human_394.wav
spoof_ai_229,spoof,1,C:\Users\jayde\OneDrive\Attachments\Documents\Desktop\Projects\ASVspoof\data\sample_audio\spoof_ai_229.wav
spoof_ai_209,spoof,1,C:\Users\jayde\OneDrive\Attachments\Documents\Desktop\Projects\ASVspoof\data\sample_audio\spoof_ai_209.wav
spoof_ai_306,spoof,1,C:\Users\jayde\OneDrive\Attachments\Documents\Desktop\Projects\ASVspoof\data\sample_audio\spoof_ai_306.wav
spoof_ai_355,spoof,1,C:\Users\jayde\OneDrive\Attachments\Documents\Desktop\Projects\ASVspoof\data\sample_audio\spoof_ai_355.wav
bonafide_human_055,bonafide,0,C:\Users\jayde\OneDrive\Attachments\Documents\Desktop\Projects\ASVspoof\data\sample_audio\bonafide_human_055.wav
spoof_ai_351,spoof,1,C:\Users\jayde\OneDrive\Attachments\Documents\Desktop\Projects\ASVspoof\data\sample_audio\spoof_ai_351.wav
bonafide_human_156,bonafide,0,C:\Users\jayde\OneDrive\Attachments\Documents\Desktop\Projects\ASVspoof\data\sample_audio\bonafide_human_156.wav
spoof_ai_033,spoof,1,C:\Users\jayde\OneDrive\Attachments\Documents\Desktop\Projects\ASVspoof\data\sample_audio\spoof_ai_033.wav
bonafide_human_098,bonafide,0,C:\Users\jayde\OneDrive\Attachments\Documents\Desktop\Projects\ASVspoof\data\sample_audio\bonafide_human_098.wav
bonafide_human_121,bonafide,0,C:\Users\jayde\OneDrive\Attachments\Documents\Desktop\Projects\ASVspoof\data\sample_audio\bonafide_human_121.wav
bonafide_human_077,bonafide,0,C:\Users\jayde\OneDrive\Attachments\Documents\Desktop\Projects\ASVspoof\data\sample_audio\bonafide_human_077.wav
bonafide_human_205,bonafide,0,C:\Users\jayde\OneDrive\Attachments\Documents\Desktop\Projects\ASVspoof\data\sample_audio\bonafide_human_205.wav
bonafide_human_353,bonafide,0,C:\Users\jayde\OneDrive\Attachments\Documents\Desktop\Projects\ASVspoof\data\sample_audio\bonafide_human_353.wav
spoof_ai_365,spoof,1,C:\Users\jayde\OneDrive\Attachments\Documents\Desktop\Projects\ASVspoof\data\sample_audio\spoof_ai_365.wav
bonafide_human_209,bonafide,0,C:\Users\jayde\OneDrive\Attachments\Documents\Desktop\Projects\ASVspoof\data\sample_audio\bonafide_human_209.wav
bonafide_human_368,bonafide,0,C:\Users\jayde\OneDrive\Attachments\Documents\Desktop\Projects\ASVspoof\data\sample_audio\bonafide_human_368.wav
spoof_ai_026,spoof,1,C:\Users\jayde\OneDrive\Attachments\Documents\Desktop\Projects\ASVspoof\data\sample_audio\spoof_ai_026.wav
spoof_ai_116,spoof,1,C:\Users\jayde\OneDrive\Attachments\Documents\Desktop\Projects\ASVspoof\data\sample_audio\spoof_ai_116.wav
bonafide_human_085,bonafide,0,C:\Users\jayde\OneDrive\Attachments\Documents\Desktop\Projects\ASVspoof\data\sample_audio\bonafide_human_085.wav
bonafide_human_011,bonafide,0,C:\Users\jayde\OneDrive\Attachments\Documents\Desktop\Projects\ASVspoof\data\sample_audio\bonafide_human_011.wav
spoof_ai_321,spoof,1,C:\Users\jayde\OneDrive\Attachments\Documents\Desktop\Projects\ASVspoof\data\sample_audio\spoof_ai_321.wav
bonafide_human_111,bonafide,0,C:\Users\jayde\OneDrive\Attachments\Documents\Desktop\Projects\ASVspoof\data\sample_audio\bonafide_human_111.wav
spoof_ai_122,spoof,1,C:\Users\jayde\OneDrive\Attachments\Documents\Desktop\Projects\ASVspoof\data\sample_audio\spoof_ai_122.wav
spoof_ai_378,spoof,1,C:\Users\jayde\OneDrive\Attachments\Documents\Desktop\Projects\ASVspoof\data\sample_audio\spoof_ai_378.wav
bonafide_human_210,bonafide,0,C:\Users\jayde\OneDrive\Attachments\Documents\Desktop\Projects\ASVspoof\data\sample_audio\bonafide_human_210.wav
bonafide_human_236,bonafide,0,C:\Users\jayde\OneDrive\Attachments\Documents\Desktop\Projects\ASVspoof\data\sample_audio\bonafide_human_236.wav
bonafide_human_317,bonafide,0,C:\Users\jayde\OneDrive\Attachments\Documents\Desktop\Projects\ASVspoof\data\sample_audio\bonafide_human_317.wav
bonafide_human_389,bonafide,0,C:\Users\jayde\OneDrive\Attachments\Documents\Desktop\Projects\ASVspoof\data\sample_audio\bonafide_human_389.wav
bonafide_human_119,bonafide,0,C:\Users\jayde\OneDrive\Attachments\Documents\Desktop\Projects\ASVspoof\data\sample_audio\bonafide_human_119.wav
spoof_ai_320,spoof,1,C:\Users\jayde\OneDrive\Attachments\Documents\Desktop\Projects\ASVspoof\data\sample_audio\spoof_ai_320.wav
bonafide_human_211,bonafide,0,C:\Users\jayde\OneDrive\Attachments\Documents\Desktop\Projects\ASVspoof\data\sample_audio\bonafide_human_211.wav
bonafide_human_255,bonafide,0,C:\Users\jayde\OneDrive\Attachments\Documents\Desktop\Projects\ASVspoof\data\sample_audio\bonafide_human_255.wav
spoof_ai_192,spoof,1,C:\Users\jayde\OneDrive\Attachments\Documents\Desktop\Projects\ASVspoof\data\sample_audio\spoof_ai_192.wav
bonafide_human_030,bonafide,0,C:\Users\jayde\OneDrive\Attachments\Documents\Desktop\Projects\ASVspoof\data\sample_audio\bonafide_human_030.wav
bonafide_human_267,bonafide,0,C:\Users\jayde\OneDrive\Attachments\Documents\Desktop\Projects\ASVspoof\data\sample_audio\bonafide_human_267.wav
spoof_ai_257,spoof,1,C:\Users\jayde\OneDrive\Attachments\Documents\Desktop\Projects\ASVspoof\data\sample_audio\spoof_ai_257.wav
spoof_ai_263,spoof,1,C:\Users\jayde\OneDrive\Attachments\Documents\Desktop\Projects\ASVspoof\data\sample_audio\spoof_ai_263.wav
bonafide_human_297,bonafide,0,C:\Users\jayde\OneDrive\Attachments\Documents\Desktop\Projects\ASVspoof\data\sample_audio\bonafide_human_297.wav
bonafide_human_082,bonafide,0,C:\Users\jayde\OneDrive\Attachments\Documents\Desktop\Projects\ASVspoof\data\sample_audio\bonafide_human_082.wav
spoof_ai_289,spoof,1,C:\Users\jayde\OneDrive\Attachments\Documents\Desktop\Projects\ASVspoof\data\sample_audio\spoof_ai_289.wav
bonafide_human_303,bonafide,0,C:\Users\jayde\OneDrive\Attachments\Documents\Desktop\Projects\ASVspoof\data\sample_audio\bonafide_human_303.wav
spoof_ai_107,spoof,1,C:\Users\jayde\OneDrive\Attachments\Documents\Desktop\Projects\ASVspoof\data\sample_audio\spoof_ai_107.wav
spoof_ai_359,spoof,1,C:\Users\jayde\OneDrive\Attachments\Documents\Desktop\Projects\ASVspoof\data\sample_audio\spoof_ai_359.wav
bonafide_human_315,bonafide,0,C:\Users\jayde\OneDrive\Attachments\Documents\Desktop\Projects\ASVspoof\data\sample_audio\bonafide_human_315.wav
spoof_ai_245,spoof,1,C:\Users\jayde\OneDrive\Attachments\Documents\Desktop\Projects\ASVspoof\data\sample_audio\spoof_ai_245.wav
spoof_ai_010,spoof,1,C:\Users\jayde\OneDrive\Attachments\Documents\Desktop\Projects\ASVspoof\data\sample_audio\spoof_ai_010.wav
bonafide_human_212,bonafide,0,C:\Users\jayde\OneDrive\Attachments\Documents\Desktop\Projects\ASVspoof\data\sample_audio\bonafide_human_212.wav
spoof_ai_133,spoof,1,C:\Users\jayde\OneDrive\Attachments\Documents\Desktop\Projects\ASVspoof\data\sample_audio\spoof_ai_133.wav
spoof_ai_084,spoof,1,C:\Users\jayde\OneDrive\Attachments\Documents\Desktop\Projects\ASVspoof\data\sample_audio\spoof_ai_084.wav
bonafide_human_219,bonafide,0,C:\Users\jayde\OneDrive\Attachments\Documents\Desktop\Projects\ASVspoof\data\sample_audio\bonafide_human_219.wav
bonafide_human_008,bonafide,0,C:\Users\jayde\OneDrive\Attachments\Documents\Desktop\Projects\ASVspoof\data\sample_audio\bonafide_human_008.wav
spoof_ai_065,spoof,1,C:\Users\jayde\OneDrive\Attachments\Documents\Desktop\Projects\ASVspoof\data\sample_audio\spoof_ai_065.wav
bonafide_human_102,bonafide,0,C:\Users\jayde\OneDrive\Attachments\Documents\Desktop\Projects\ASVspoof\data\sample_audio\bonafide_human_102.wav
bonafide_human_327,bonafide,0,C:\Users\jayde\OneDrive\Attachments\Documents\Desktop\Projects\ASVspoof\data\sample_audio\bonafide_human_327.wav
spoof_ai_253,spoof,1,C:\Users\jayde\OneDrive\Attachments\Documents\Desktop\Projects\ASVspoof\data\sample_audio\spoof_ai_253.wav
spoof_ai_138,spoof,1,C:\Users\jayde\OneDrive\Attachments\Documents\Desktop\Projects\ASVspoof\data\sample_audio\spoof_ai_138.wav
spoof_ai_241,spoof,1,C:\Users\jayde\OneDrive\Attachments\Documents\Desktop\Projects\ASVspoof\data\sample_audio\spoof_ai_241.wav
bonafide_human_003,bonafide,0,C:\Users\jayde\OneDrive\Attachments\Documents\Desktop\Projects\ASVspoof\data\sample_audio\bonafide_human_003.wav
spoof_ai_339,spoof,1,C:\Users\jayde\OneDrive\Attachments\Documents\Desktop\Projects\ASVspoof\data\sample_audio\spoof_ai_339.wav
spoof_ai_377,spoof,1,C:\Users\jayde\OneDrive\Attachments\Documents\Desktop\Projects\ASVspoof\data\sample_audio\spoof_ai_377.wav
spoof_ai_120,spoof,1,C:\Users\jayde\OneDrive\Attachments\Documents\Desktop\Projects\ASVspoof\data\sample_audio\spoof_ai_120.wav
spoof_ai_190,spoof,1,C:\Users\jayde\OneDrive\Attachments\Documents\Desktop\Projects\ASVspoof\data\sample_audio\spoof_ai_190.wav
spoof_ai_399,spoof,1,C:\Users\jayde\OneDrive\Attachments\Documents\Desktop\Projects\ASVspoof\data\sample_audio\spoof_ai_399.wav
spoof_ai_345,spoof,1,C:\Users\jayde\OneDrive\Attachments\Documents\Desktop\Projects\ASVspoof\data\sample_audio\spoof_ai_345.wav
spoof_ai_114,spoof,1,C:\Users\jayde\OneDrive\Attachments\Documents\Desktop\Projects\ASVspoof\data\sample_audio\spoof_ai_114.wav
spoof_ai_271,spoof,1,C:\Users\jayde\OneDrive\Attachments\Documents\Desktop\Projects\ASVspoof\data\sample_audio\spoof_ai_271.wav
bonafide_human_265,bonafide,0,C:\Users\jayde\OneDrive\Attachments\Documents\Desktop\Projects\ASVspoof\data\sample_audio\bonafide_human_265.wav
spoof_ai_216,spoof,1,C:\Users\jayde\OneDrive\Attachments\Documents\Desktop\Projects\ASVspoof\data\sample_audio\spoof_ai_216.wav
bonafide_human_330,bonafide,0,C:\Users\jayde\OneDrive\Attachments\Documents\Desktop\Projects\ASVspoof\data\sample_audio\bonafide_human_330.wav
bonafide_human_343,bonafide,0,C:\Users\jayde\OneDrive\Attachments\Documents\Desktop\Projects\ASVspoof\data\sample_audio\bonafide_human_343.wav
bonafide_human_395,bonafide,0,C:\Users\jayde\OneDrive\Attachments\Documents\Desktop\Projects\ASVspoof\data\sample_audio\bonafide_human_395.wav
bonafide_human_080,bonafide,0,C:\Users\jayde\OneDrive\Attachments\Documents\Desktop\Projects\ASVspoof\data\sample_audio\bonafide_human_080.wav
bonafide_human_149,bonafide,0,C:\Users\jayde\OneDrive\Attachments\Documents\Desktop\Projects\ASVspoof\data\sample_audio\bonafide_human_149.wav
bonafide_human_351,bonafide,0,C:\Users\jayde\OneDrive\Attachments\Documents\Desktop\Projects\ASVspoof\data\sample_audio\bonafide_human_351.wav
bonafide_human_383,bonafide,0,C:\Users\jayde\OneDrive\Attachments\Documents\Desktop\Projects\ASVspoof\data\sample_audio\bonafide_human_383.wav
spoof_ai_041,spoof,1,C:\Users\jayde\OneDrive\Attachments\Documents\Desktop\Projects\ASVspoof\data\sample_audio\spoof_ai_041.wav
bonafide_human_310,bonafide,0,C:\Users\jayde\OneDrive\Attachments\Documents\Desktop\Projects\ASVspoof\data\sample_audio\bonafide_human_310.wav
spoof_ai_308,spoof,1,C:\Users\jayde\OneDrive\Attachments\Documents\Desktop\Projects\ASVspoof\data\sample_audio\spoof_ai_308.wav
bonafide_human_134,bonafide,0,C:\Users\jayde\OneDrive\Attachments\Documents\Desktop\Projects\ASVspoof\data\sample_audio\bonafide_human_134.wav
bonafide_human_382,bonafide,0,C:\Users\jayde\OneDrive\Attachments\Documents\Desktop\Projects\ASVspoof\data\sample_audio\bonafide_human_382.wav
bonafide_human_214,bonafide,0,C:\Users\jayde\OneDrive\Attachments\Documents\Desktop\Projects\ASVspoof\data\sample_audio\bonafide_human_214.wav
spoof_ai_260,spoof,1,C:\Users\jayde\OneDrive\Attachments\Documents\Desktop\Projects\ASVspoof\data\sample_audio\spoof_ai_260.wav
bonafide_human_056,bonafide,0,C:\Users\jayde\OneDrive\Attachments\Documents\Desktop\Projects\ASVspoof\data\sample_audio\bonafide_human_056.wav
spoof_ai_337,spoof,1,C:\Users\jayde\OneDrive\Attachments\Documents\Desktop\Projects\ASVspoof\data\sample_audio\spoof_ai_337.wav
spoof_ai_221,spoof,1,C:\Users\jayde\OneDrive\Attachments\Documents\Desktop\Projects\ASVspoof\data\sample_audio\spoof_ai_221.wav
spoof_ai_183,spoof,1,C:\Users\jayde\OneDrive\Attachments\Documents\Desktop\Projects\ASVspoof\data\sample_audio\spoof_ai_183.wav
spoof_ai_274,spoof,1,C:\Users\jayde\OneDrive\Attachments\Documents\Desktop\Projects\ASVspoof\data\sample_audio\spoof_ai_274.wav
spoof_ai_128,spoof,1,C:\Users\jayde\OneDrive\Attachments\Documents\Desktop\Projects\ASVspoof\data\sample_audio\spoof_ai_128.wav
bonafide_human_197,bonafide,0,C:\Users\jayde\OneDrive\Attachments\Documents\Desktop\Projects\ASVspoof\data\sample_audio\bonafide_human_197.wav
spoof_ai_314,spoof,1,C:\Users\jayde\OneDrive\Attachments\Documents\Desktop\Projects\ASVspoof\data\sample_audio\spoof_ai_314.wav
spoof_ai_290,spoof,1,C:\Users\jayde\OneDrive\Attachments\Documents\Desktop\Projects\ASVspoof\data\sample_audio\spoof_ai_290.wav
bonafide_human_061,bonafide,0,C:\Users\jayde\OneDrive\Attachments\Documents\Desktop\Projects\ASVspoof\data\sample_audio\bonafide_human_061.wav
spoof_ai_177,spoof,1,C:\Users\jayde\OneDrive\Attachments\Documents\Desktop\Projects\ASVspoof\data\sample_audio\spoof_ai_177.wav
spoof_ai_232,spoof,1,C:\Users\jayde\OneDrive\Attachments\Documents\Desktop\Projects\ASVspoof\data\sample_audio\spoof_ai_232.wav
spoof_ai_032,spoof,1,C:\Users\jayde\OneDrive\Attachments\Documents\Desktop\Projects\ASVspoof\data\sample_audio\spoof_ai_032.wav
spoof_ai_204,spoof,1,C:\Users\jayde\OneDrive\Attachments\Documents\Desktop\Projects\ASVspoof\data\sample_audio\spoof_ai_204.wav
spoof_ai_043,spoof,1,C:\Users\jayde\OneDrive\Attachments\Documents\Desktop\Projects\ASVspoof\data\sample_audio\spoof_ai_043.wav
spoof_ai_037,spoof,1,C:\Users\jayde\OneDrive\Attachments\Documents\Desktop\Projects\ASVspoof\data\sample_audio\spoof_ai_037.wav
bonafide_human_248,bonafide,0,C:\Users\jayde\OneDrive\Attachments\Documents\Desktop\Projects\ASVspoof\data\sample_audio\bonafide_human_248.wav
spoof_ai_187,spoof,1,C:\Users\jayde\OneDrive\Attachments\Documents\Desktop\Projects\ASVspoof\data\sample_audio\spoof_ai_187.wav
spoof_ai_170,spoof,1,C:\Users\jayde\OneDrive\Attachments\Documents\Desktop\Projects\ASVspoof\data\sample_audio\spoof_ai_170.wav
bonafide_human_091,bonafide,0,C:\Users\jayde\OneDrive\Attachments\Documents\Desktop\Projects\ASVspoof\data\sample_audio\bonafide_human_091.wav
spoof_ai_251,spoof,1,C:\Users\jayde\OneDrive\Attachments\Documents\Desktop\Projects\ASVspoof\data\sample_audio\spoof_ai_251.wav
bonafide_human_182,bonafide,0,C:\Users\jayde\OneDrive\Attachments\Documents\Desktop\Projects\ASVspoof\data\sample_audio\bonafide_human_182.wav
spoof_ai_391,spoof,1,C:\Users\jayde\OneDrive\Attachments\Documents\Desktop\Projects\ASVspoof\data\sample_audio\spoof_ai_391.wav
spoof_ai_155,spoof,1,C:\Users\jayde\OneDrive\Attachments\Documents\Desktop\Projects\ASVspoof\data\sample_audio\spoof_ai_155.wav
bonafide_human_291,bonafide,0,C:\Users\jayde\OneDrive\Attachments\Documents\Desktop\Projects\ASVspoof\data\sample_audio\bonafide_human_291.wav
bonafide_human_159,bonafide,0,C:\Users\jayde\OneDrive\Attachments\Documents\Desktop\Projects\ASVspoof\data\sample_audio\bonafide_human_159.wav
bonafide_human_070,bonafide,0,C:\Users\jayde\OneDrive\Attachments\Documents\Desktop\Projects\ASVspoof\data\sample_audio\bonafide_human_070.wav
spoof_ai_118,spoof,1,C:\Users\jayde\OneDrive\Attachments\Documents\Desktop\Projects\ASVspoof\data\sample_audio\spoof_ai_118.wav
bonafide_human_132,bonafide,0,C:\Users\jayde\OneDrive\Attachments\Documents\Desktop\Projects\ASVspoof\data\sample_audio\bonafide_human_132.wav
bonafide_human_045,bonafide,0,C:\Users\jayde\OneDrive\Attachments\Documents\Desktop\Projects\ASVspoof\data\sample_audio\bonafide_human_045.wav
bonafide_human_071,bonafide,0,C:\Users\jayde\OneDrive\Attachments\Documents\Desktop\Projects\ASVspoof\data\sample_audio\bonafide_human_071.wav
spoof_ai_292,spoof,1,C:\Users\jayde\OneDrive\Attachments\Documents\Desktop\Projects\ASVspoof\data\sample_audio\spoof_ai_292.wav
bonafide_human_356,bonafide,0,C:\Users\jayde\OneDrive\Attachments\Documents\Desktop\Projects\ASVspoof\data\sample_audio\bonafide_human_356.wav
spoof_ai_045,spoof,1,C:\Users\jayde\OneDrive\Attachments\Documents\Desktop\Projects\ASVspoof\data\sample_audio\spoof_ai_045.wav
spoof_ai_362,spoof,1,C:\Users\jayde\OneDrive\Attachments\Documents\Desktop\Projects\ASVspoof\data\sample_audio\spoof_ai_362.wav
bonafide_human_136,bonafide,0,C:\Users\jayde\OneDrive\Attachments\Documents\Desktop\Projects\ASVspoof\data\sample_audio\bonafide_human_136.wav
bonafide_human_083,bonafide,0,C:\Users\jayde\OneDrive\Attachments\Documents\Desktop\Projects\ASVspoof\data\sample_audio\bonafide_human_083.wav
bonafide_human_166,bonafide,0,C:\Users\jayde\OneDrive\Attachments\Documents\Desktop\Projects\ASVspoof\data\sample_audio\bonafide_human_166.wav
bonafide_human_165,bonafide,0,C:\Users\jayde\OneDrive\Attachments\Documents\Desktop\Projects\ASVspoof\data\sample_audio\bonafide_human_165.wav
bonafide_human_029,bonafide,0,C:\Users\jayde\OneDrive\Attachments\Documents\Desktop\Projects\ASVspoof\data\sample_audio\bonafide_human_029.wav
spoof_ai_049,spoof,1,C:\Users\jayde\OneDrive\Attachments\Documents\Desktop\Projects\ASVspoof\data\sample_audio\spoof_ai_049.wav
bonafide_human_194,bonafide,0,C:\Users\jayde\OneDrive\Attachments\Documents\Desktop\Projects\ASVspoof\data\sample_audio\bonafide_human_194.wav
bonafide_human_240,bonafide,0,C:\Users\jayde\OneDrive\Attachments\Documents\Desktop\Projects\ASVspoof\data\sample_audio\bonafide_human_240.wav
spoof_ai_325,spoof,1,C:\Users\jayde\OneDrive\Attachments\Documents\Desktop\Projects\ASVspoof\data\sample_audio\spoof_ai_325.wav
spoof_ai_331,spoof,1,C:\Users\jayde\OneDrive\Attachments\Documents\Desktop\Projects\ASVspoof\data\sample_audio\spoof_ai_331.wav
bonafide_human_137,bonafide,0,C:\Users\jayde\OneDrive\Attachments\Documents\Desktop\Projects\ASVspoof\data\sample_audio\bonafide_human_137.wav
spoof_ai_265,spoof,1,C:\Users\jayde\OneDrive\Attachments\Documents\Desktop\Projects\ASVspoof\data\sample_audio\spoof_ai_265.wav
bonafide_human_312,bonafide,0,C:\Users\jayde\OneDrive\Attachments\Documents\Desktop\Projects\ASVspoof\data\sample_audio\bonafide_human_312.wav
bonafide_human_141,bonafide,0,C:\Users\jayde\OneDrive\Attachments\Documents\Desktop\Projects\ASVspoof\data\sample_audio\bonafide_human_141.wav
spoof_ai_074,spoof,1,C:\Users\jayde\OneDrive\Attachments\Documents\Desktop\Projects\ASVspoof\data\sample_audio\spoof_ai_074.wav
bonafide_human_007,bonafide,0,C:\Users\jayde\OneDrive\Attachments\Documents\Desktop\Projects\ASVspoof\data\sample_audio\bonafide_human_007.wav
spoof_ai_329,spoof,1,C:\Users\jayde\OneDrive\Attachments\Documents\Desktop\Projects\ASVspoof\data\sample_audio\spoof_ai_329.wav
spoof_ai_356,spoof,1,C:\Users\jayde\OneDrive\Attachments\Documents\Desktop\Projects\ASVspoof\data\sample_audio\spoof_ai_356.wav
bonafide_human_074,bonafide,0,C:\Users\jayde\OneDrive\Attachments\Documents\Desktop\Projects\ASVspoof\data\sample_audio\bonafide_human_074.wav
spoof_ai_160,spoof,1,C:\Users\jayde\OneDrive\Attachments\Documents\Desktop\Projects\ASVspoof\data\sample_audio\spoof_ai_160.wav
bonafide_human_300,bonafide,0,C:\Users\jayde\OneDrive\Attachments\Documents\Desktop\Projects\ASVspoof\data\sample_audio\bonafide_human_300.wav
bonafide_human_146,bonafide,0,C:\Users\jayde\OneDrive\Attachments\Documents\Desktop\Projects\ASVspoof\data\sample_audio\bonafide_human_146.wav
bonafide_human_293,bonafide,0,C:\Users\jayde\OneDrive\Attachments\Documents\Desktop\Projects\ASVspoof\data\sample_audio\bonafide_human_293.wav
bonafide_human_235,bonafide,0,C:\Users\jayde\OneDrive\Attachments\Documents\Desktop\Projects\ASVspoof\data\sample_audio\bonafide_human_235.wav
bonafide_human_221,bonafide,0,C:\Users\jayde\OneDrive\Attachments\Documents\Desktop\Projects\ASVspoof\data\sample_audio\bonafide_human_221.wav
spoof_ai_051,spoof,1,C:\Users\jayde\OneDrive\Attachments\Documents\Desktop\Projects\ASVspoof\data\sample_audio\spoof_ai_051.wav
bonafide_human_381,bonafide,0,C:\Users\jayde\OneDrive\Attachments\Documents\Desktop\Projects\ASVspoof\data\sample_audio\bonafide_human_381.wav
bonafide_human_133,bonafide,0,C:\Users\jayde\OneDrive\Attachments\Documents\Desktop\Projects\ASVspoof\data\sample_audio\bonafide_human_133.wav
bonafide_human_376,bonafide,0,C:\Users\jayde\OneDrive\Attachments\Documents\Desktop\Projects\ASVspoof\data\sample_audio\bonafide_human_376.wav
spoof_ai_005,spoof,1,C:\Users\jayde\OneDrive\Attachments\Documents\Desktop\Projects\ASVspoof\data\sample_audio\spoof_ai_005.wav
spoof_ai_123,spoof,1,C:\Users\jayde\OneDrive\Attachments\Documents\Desktop\Projects\ASVspoof\data\sample_audio\spoof_ai_123.wav
spoof_ai_350,spoof,1,C:\Users\jayde\OneDrive\Attachments\Documents\Desktop\Projects\ASVspoof\data\sample_audio\spoof_ai_350.wav
spoof_ai_027,spoof,1,C:\Users\jayde\OneDrive\Attachments\Documents\Desktop\Projects\ASVspoof\data\sample_audio\spoof_ai_027.wav
bonafide_human_042,bonafide,0,C:\Users\jayde\OneDrive\Attachments\Documents\Desktop\Projects\ASVspoof\data\sample_audio\bonafide_human_042.wav
spoof_ai_096,spoof,1,C:\Users\jayde\OneDrive\Attachments\Documents\Desktop\Projects\ASVspoof\data\sample_audio\spoof_ai_096.wav
bonafide_human_109,bonafide,0,C:\Users\jayde\OneDrive\Attachments\Documents\Desktop\Projects\ASVspoof\data\sample_audio\bonafide_human_109.wav
bonafide_human_345,bonafide,0,C:\Users\jayde\OneDrive\Attachments\Documents\Desktop\Projects\ASVspoof\data\sample_audio\bonafide_human_345.wav
bonafide_human_057,bonafide,0,C:\Users\jayde\OneDrive\Attachments\Documents\Desktop\Projects\ASVspoof\data\sample_audio\bonafide_human_057.wav
bonafide_human_260,bonafide,0,C:\Users\jayde\OneDrive\Attachments\Documents\Desktop\Projects\ASVspoof\data\sample_audio\bonafide_human_260.wav
spoof_ai_080,spoof,1,C:\Users\jayde\OneDrive\Attachments\Documents\Desktop\Projects\ASVspoof\data\sample_audio\spoof_ai_080.wav
spoof_ai_226,spoof,1,C:\Users\jayde\OneDrive\Attachments\Documents\Desktop\Projects\ASVspoof\data\sample_audio\spoof_ai_226.wav
bonafide_human_228,bonafide,0,C:\Users\jayde\OneDrive\Attachments\Documents\Desktop\Projects\ASVspoof\data\sample_audio\bonafide_human_228.wav
bonafide_human_213,bonafide,0,C:\Users\jayde\OneDrive\Attachments\Documents\Desktop\Projects\ASVspoof\data\sample_audio\bonafide_human_213.wav
spoof_ai_194,spoof,1,C:\Users\jayde\OneDrive\Attachments\Documents\Desktop\Projects\ASVspoof\data\sample_audio\spoof_ai_194.wav
bonafide_human_333,bonafide,0,C:\Users\jayde\OneDrive\Attachments\Documents\Desktop\Projects\ASVspoof\data\sample_audio\bonafide_human_333.wav
bonafide_human_025,bonafide,0,C:\Users\jayde\OneDrive\Attachments\Documents\Desktop\Projects\ASVspoof\data\sample_audio\bonafide_human_025.wav
spoof_ai_381,spoof,1,C:\Users\jayde\OneDrive\Attachments\Documents\Desktop\Projects\ASVspoof\data\sample_audio\spoof_ai_381.wav
bonafide_human_352,bonafide,0,C:\Users\jayde\OneDrive\Attachments\Documents\Desktop\Projects\ASVspoof\data\sample_audio\bonafide_human_352.wav
bonafide_human_357,bonafide,0,C:\Users\jayde\OneDrive\Attachments\Documents\Desktop\Projects\ASVspoof\data\sample_audio\bonafide_human_357.wav
bonafide_human_052,bonafide,0,C:\Users\jayde\OneDrive\Attachments\Documents\Desktop\Projects\ASVspoof\data\sample_audio\bonafide_human_052.wav
bonafide_human_332,bonafide,0,C:\Users\jayde\OneDrive\Attachments\Documents\Desktop\Projects\ASVspoof\data\sample_audio\bonafide_human_332.wav
spoof_ai_334,spoof,1,C:\Users\jayde\OneDrive\Attachments\Documents\Desktop\Projects\ASVspoof\data\sample_audio\spoof_ai_334.wav
spoof_ai_230,spoof,1,C:\Users\jayde\OneDrive\Attachments\Documents\Desktop\Projects\ASVspoof\data\sample_audio\spoof_ai_230.wav
spoof_ai_102,spoof,1,C:\Users\jayde\OneDrive\Attachments\Documents\Desktop\Projects\ASVspoof\data\sample_audio\spoof_ai_102.wav
bonafide_human_335,bonafide,0,C:\Users\jayde\OneDrive\Attachments\Documents\Desktop\Projects\ASVspoof\data\sample_audio\bonafide_human_335.wav
bonafide_human_286,bonafide,0,C:\Users\jayde\OneDrive\Attachments\Documents\Desktop\Projects\ASVspoof\data\sample_audio\bonafide_human_286.wav
bonafide_human_019,bonafide,0,C:\Users\jayde\OneDrive\Attachments\Documents\Desktop\Projects\ASVspoof\data\sample_audio\bonafide_human_019.wav
spoof_ai_185,spoof,1,C:\Users\jayde\OneDrive\Attachments\Documents\Desktop\Projects\ASVspoof\data\sample_audio\spoof_ai_185.wav
spoof_ai_349,spoof,1,C:\Users\jayde\OneDrive\Attachments\Documents\Desktop\Projects\ASVspoof\data\sample_audio\spoof_ai_349.wav
bonafide_human_084,bonafide,0,C:\Users\jayde\OneDrive\Attachments\Documents\Desktop\Projects\ASVspoof\data\sample_audio\bonafide_human_084.wav
bonafide_human_062,bonafide,0,C:\Users\jayde\OneDrive\Attachments\Documents\Desktop\Projects\ASVspoof\data\sample_audio\bonafide_human_062.wav
spoof_ai_063,spoof,1,C:\Users\jayde\OneDrive\Attachments\Documents\Desktop\Projects\ASVspoof\data\sample_audio\spoof_ai_063.wav
bonafide_human_292,bonafide,0,C:\Users\jayde\OneDrive\Attachments\Documents\Desktop\Projects\ASVspoof\data\sample_audio\bonafide_human_292.wav
spoof_ai_048,spoof,1,C:\Users\jayde\OneDrive\Attachments\Documents\Desktop\Projects\ASVspoof\data\sample_audio\spoof_ai_048.wav
bonafide_human_183,bonafide,0,C:\Users\jayde\OneDrive\Attachments\Documents\Desktop\Projects\ASVspoof\data\sample_audio\bonafide_human_183.wav
spoof_ai_150,spoof,1,C:\Users\jayde\OneDrive\Attachments\Documents\Desktop\Projects\ASVspoof\data\sample_audio\spoof_ai_150.wav
spoof_ai_101,spoof,1,C:\Users\jayde\OneDrive\Attachments\Documents\Desktop\Projects\ASVspoof\data\sample_audio\spoof_ai_101.wav
bonafide_human_224,bonafide,0,C:\Users\jayde\OneDrive\Attachments\Documents\Desktop\Projects\ASVspoof\data\sample_audio\bonafide_human_224.wav
spoof_ai_025,spoof,1,C:\Users\jayde\OneDrive\Attachments\Documents\Desktop\Projects\ASVspoof\data\sample_audio\spoof_ai_025.wav
spoof_ai_068,spoof,1,C:\Users\jayde\OneDrive\Attachments\Documents\Desktop\Projects\ASVspoof\data\sample_audio\spoof_ai_068.wav
bonafide_human_320,bonafide,0,C:\Users\jayde\OneDrive\Attachments\Documents\Desktop\Projects\ASVspoof\data\sample_audio\bonafide_human_320.wav
bonafide_human_329,bonafide,0,C:\Users\jayde\OneDrive\Attachments\Documents\Desktop\Projects\ASVspoof\data\sample_audio\bonafide_human_329.wav
spoof_ai_044,spoof,1,C:\Users\jayde\OneDrive\Attachments\Documents\Desktop\Projects\ASVspoof\data\sample_audio\spoof_ai_044.wav
spoof_ai_094,spoof,1,C:\Users\jayde\OneDrive\Attachments\Documents\Desktop\Projects\ASVspoof\data\sample_audio\spoof_ai_094.wav
bonafide_human_177,bonafide,0,C:\Users\jayde\OneDrive\Attachments\Documents\Desktop\Projects\ASVspoof\data\sample_audio\bonafide_human_177.wav
spoof_ai_277,spoof,1,C:\Users\jayde\OneDrive\Attachments\Documents\Desktop\Projects\ASVspoof\data\sample_audio\spoof_ai_277.wav
bonafide_human_364,bonafide,0,C:\Users\jayde\OneDrive\Attachments\Documents\Desktop\Projects\ASVspoof\data\sample_audio\bonafide_human_364.wav
bonafide_human_164,bonafide,0,C:\Users\jayde\OneDrive\Attachments\Documents\Desktop\Projects\ASVspoof\data\sample_audio\bonafide_human_164.wav
bonafide_human_249,bonafide,0,C:\Users\jayde\OneDrive\Attachments\Documents\Desktop\Projects\ASVspoof\data\sample_audio\bonafide_human_249.wav
spoof_ai_119,spoof,1,C:\Users\jayde\OneDrive\Attachments\Documents\Desktop\Projects\ASVspoof\data\sample_audio\spoof_ai_119.wav
spoof_ai_311,spoof,1,C:\Users\jayde\OneDrive\Attachments\Documents\Desktop\Projects\ASVspoof\data\sample_audio\spoof_ai_311.wav
bonafide_human_075,bonafide,0,C:\Users\jayde\OneDrive\Attachments\Documents\Desktop\Projects\ASVspoof\data\sample_audio\bonafide_human_075.wav
spoof_ai_244,spoof,1,C:\Users\jayde\OneDrive\Attachments\Documents\Desktop\Projects\ASVspoof\data\sample_audio\spoof_ai_244.wav
spoof_ai_006,spoof,1,C:\Users\jayde\OneDrive\Attachments\Documents\Desktop\Projects\ASVspoof\data\sample_audio\spoof_ai_006.wav
bonafide_human_105,bonafide,0,C:\Users\jayde\OneDrive\Attachments\Documents\Desktop\Projects\ASVspoof\data\sample_audio\bonafide_human_105.wav
bonafide_human_115,bonafide,0,C:\Users\jayde\OneDrive\Attachments\Documents\Desktop\Projects\ASVspoof\data\sample_audio\bonafide_human_115.wav
bonafide_human_301,bonafide,0,C:\Users\jayde\OneDrive\Attachments\Documents\Desktop\Projects\ASVspoof\data\sample_audio\bonafide_human_301.wav
bonafide_human_093,bonafide,0,C:\Users\jayde\OneDrive\Attachments\Documents\Desktop\Projects\ASVspoof\data\sample_audio\bonafide_human_093.wav
spoof_ai_012,spoof,1,C:\Users\jayde\OneDrive\Attachments\Documents\Desktop\Projects\ASVspoof\data\sample_audio\spoof_ai_012.wav
bonafide_human_090,bonafide,0,C:\Users\jayde\OneDrive\Attachments\Documents\Desktop\Projects\ASVspoof\data\sample_audio\bonafide_human_090.wav
spoof_ai_129,spoof,1,C:\Users\jayde\OneDrive\Attachments\Documents\Desktop\Projects\ASVspoof\data\sample_audio\spoof_ai_129.wav
spoof_ai_335,spoof,1,C:\Users\jayde\OneDrive\Attachments\Documents\Desktop\Projects\ASVspoof\data\sample_audio\spoof_ai_335.wav
spoof_ai_344,spoof,1,C:\Users\jayde\OneDrive\Attachments\Documents\Desktop\Projects\ASVspoof\data\sample_audio\spoof_ai_344.wav
spoof_ai_176,spoof,1,C:\Users\jayde\OneDrive\Attachments\Documents\Desktop\Projects\ASVspoof\data\sample_audio\spoof_ai_176.wav
spoof_ai_098,spoof,1,C:\Users\jayde\OneDrive\Attachments\Documents\Desktop\Projects\ASVspoof\data\sample_audio\spoof_ai_098.wav
spoof_ai_095,spoof,1,C:\Users\jayde\OneDrive\Attachments\Documents\Desktop\Projects\ASVspoof\data\sample_audio\spoof_ai_095.wav
bonafide_human_012,bonafide,0,C:\Users\jayde\OneDrive\Attachments\Documents\Desktop\Projects\ASVspoof\data\sample_audio\bonafide_human_012.wav
spoof_ai_034,spoof,1,C:\Users\jayde\OneDrive\Attachments\Documents\Desktop\Projects\ASVspoof\data\sample_audio\spoof_ai_034.wav
bonafide_human_044,bonafide,0,C:\Users\jayde\OneDrive\Attachments\Documents\Desktop\Projects\ASVspoof\data\sample_audio\bonafide_human_044.wav
bonafide_human_043,bonafide,0,C:\Users\jayde\OneDrive\Attachments\Documents\Desktop\Projects\ASVspoof\data\sample_audio\bonafide_human_043.wav
bonafide_human_168,bonafide,0,C:\Users\jayde\OneDrive\Attachments\Documents\Desktop\Projects\ASVspoof\data\sample_audio\bonafide_human_168.wav
spoof_ai_304,spoof,1,C:\Users\jayde\OneDrive\Attachments\Documents\Desktop\Projects\ASVspoof\data\sample_audio\spoof_ai_304.wav
spoof_ai_214,spoof,1,C:\Users\jayde\OneDrive\Attachments\Documents\Desktop\Projects\ASVspoof\data\sample_audio\spoof_ai_214.wav
spoof_ai_013,spoof,1,C:\Users\jayde\OneDrive\Attachments\Documents\Desktop\Projects\ASVspoof\data\sample_audio\spoof_ai_013.wav
bonafide_human_179,bonafide,0,C:\Users\jayde\OneDrive\Attachments\Documents\Desktop\Projects\ASVspoof\data\sample_audio\bonafide_human_179.wav
spoof_ai_131,spoof,1,C:\Users\jayde\OneDrive\Attachments\Documents\Desktop\Projects\ASVspoof\data\sample_audio\spoof_ai_131.wav
spoof_ai_140,spoof,1,C:\Users\jayde\OneDrive\Attachments\Documents\Desktop\Projects\ASVspoof\data\sample_audio\spoof_ai_140.wav
bonafide_human_178,bonafide,0,C:\Users\jayde\OneDrive\Attachments\Documents\Desktop\Projects\ASVspoof\data\sample_audio\bonafide_human_178.wav
spoof_ai_266,spoof,1,C:\Users\jayde\OneDrive\Attachments\Documents\Desktop\Projects\ASVspoof\data\sample_audio\spoof_ai_266.wav
spoof_ai_367,spoof,1,C:\Users\jayde\OneDrive\Attachments\Documents\Desktop\Projects\ASVspoof\data\sample_audio\spoof_ai_367.wav
bonafide_human_258,bonafide,0,C:\Users\jayde\OneDrive\Attachments\Documents\Desktop\Projects\ASVspoof\data\sample_audio\bonafide_human_258.wav
spoof_ai_366,spoof,1,C:\Users\jayde\OneDrive\Attachments\Documents\Desktop\Projects\ASVspoof\data\sample_audio\spoof_ai_366.wav
spoof_ai_144,spoof,1,C:\Users\jayde\OneDrive\Attachments\Documents\Desktop\Projects\ASVspoof\data\sample_audio\spoof_ai_144.wav
bonafide_human_016,bonafide,0,C:\Users\jayde\OneDrive\Attachments\Documents\Desktop\Projects\ASVspoof\data\sample_audio\bonafide_human_016.wav
bonafide_human_004,bonafide,0,C:\Users\jayde\OneDrive\Attachments\Documents\Desktop\Projects\ASVspoof\data\sample_audio\bonafide_human_004.wav
bonafide_human_336,bonafide,0,C:\Users\jayde\OneDrive\Attachments\Documents\Desktop\Projects\ASVspoof\data\sample_audio\bonafide_human_336.wav
bonafide_human_257,bonafide,0,C:\Users\jayde\OneDrive\Attachments\Documents\Desktop\Projects\ASVspoof\data\sample_audio\bonafide_human_257.wav
spoof_ai_181,spoof,1,C:\Users\jayde\OneDrive\Attachments\Documents\Desktop\Projects\ASVspoof\data\sample_audio\spoof_ai_181.wav
spoof_ai_046,spoof,1,C:\Users\jayde\OneDrive\Attachments\Documents\Desktop\Projects\ASVspoof\data\sample_audio\spoof_ai_046.wav
bonafide_human_339,bonafide,0,C:\Users\jayde\OneDrive\Attachments\Documents\Desktop\Projects\ASVspoof\data\sample_audio\bonafide_human_339.wav
spoof_ai_079,spoof,1,C:\Users\jayde\OneDrive\Attachments\Documents\Desktop\Projects\ASVspoof\data\sample_audio\spoof_ai_079.wav
spoof_ai_018,spoof,1,C:\Users\jayde\OneDrive\Attachments\Documents\Desktop\Projects\ASVspoof\data\sample_audio\spoof_ai_018.wav
spoof_ai_239,spoof,1,C:\Users\jayde\OneDrive\Attachments\Documents\Desktop\Projects\ASVspoof\data\sample_audio\spoof_ai_239.wav
spoof_ai_315,spoof,1,C:\Users\jayde\OneDrive\Attachments\Documents\Desktop\Projects\ASVspoof\data\sample_audio\spoof_ai_315.wav
bonafide_human_325,bonafide,0,C:\Users\jayde\OneDrive\Attachments\Documents\Desktop\Projects\ASVspoof\data\sample_audio\bonafide_human_325.wav
spoof_ai_058,spoof,1,C:\Users\jayde\OneDrive\Attachments\Documents\Desktop\Projects\ASVspoof\data\sample_audio\spoof_ai_058.wav
bonafide_human_010,bonafide,0,C:\Users\jayde\OneDrive\Attachments\Documents\Desktop\Projects\ASVspoof\data\sample_audio\bonafide_human_010.wav
bonafide_human_250,bonafide,0,C:\Users\jayde\OneDrive\Attachments\Documents\Desktop\Projects\ASVspoof\data\sample_audio\bonafide_human_250.wav
bonafide_human_023,bonafide,0,C:\Users\jayde\OneDrive\Attachments\Documents\Desktop\Projects\ASVspoof\data\sample_audio\bonafide_human_023.wav
bonafide_human_222,bonafide,0,C:\Users\jayde\OneDrive\Attachments\Documents\Desktop\Projects\ASVspoof\data\sample_audio\bonafide_human_222.wav
spoof_ai_148,spoof,1,C:\Users\jayde\OneDrive\Attachments\Documents\Desktop\Projects\ASVspoof\data\sample_audio\spoof_ai_148.wav
spoof_ai_291,spoof,1,C:\Users\jayde\OneDrive\Attachments\Documents\Desktop\Projects\ASVspoof\data\sample_audio\spoof_ai_291.wav
spoof_ai_385,spoof,1,C:\Users\jayde\OneDrive\Attachments\Documents\Desktop\Projects\ASVspoof\data\sample_audio\spoof_ai_385.wav
spoof_ai_227,spoof,1,C:\Users\jayde\OneDrive\Attachments\Documents\Desktop\Projects\ASVspoof\data\sample_audio\spoof_ai_227.wav
bonafide_human_341,bonafide,0,C:\Users\jayde\OneDrive\Attachments\Documents\Desktop\Projects\ASVspoof\data\sample_audio\bonafide_human_341.wav
spoof_ai_272,spoof,1,C:\Users\jayde\OneDrive\Attachments\Documents\Desktop\Projects\ASVspoof\data\sample_audio\spoof_ai_272.wav
bonafide_human_204,bonafide,0,C:\Users\jayde\OneDrive\Attachments\Documents\Desktop\Projects\ASVspoof\data\sample_audio\bonafide_human_204.wav
bonafide_human_238,bonafide,0,C:\Users\jayde\OneDrive\Attachments\Documents\Desktop\Projects\ASVspoof\data\sample_audio\bonafide_human_238.wav
bonafide_human_094,bonafide,0,C:\Users\jayde\OneDrive\Attachments\Documents\Desktop\Projects\ASVspoof\data\sample_audio\bonafide_human_094.wav
spoof_ai_132,spoof,1,C:\Users\jayde\OneDrive\Attachments\Documents\Desktop\Projects\ASVspoof\data\sample_audio\spoof_ai_132.wav
bonafide_human_363,bonafide,0,C:\Users\jayde\OneDrive\Attachments\Documents\Desktop\Projects\ASVspoof\data\sample_audio\bonafide_human_363.wav
spoof_ai_145,spoof,1,C:\Users\jayde\OneDrive\Attachments\Documents\Desktop\Projects\ASVspoof\data\sample_audio\spoof_ai_145.wav
bonafide_human_285,bonafide,0,C:\Users\jayde\OneDrive\Attachments\Documents\Desktop\Projects\ASVspoof\data\sample_audio\bonafide_human_285.wav
bonafide_human_185,bonafide,0,C:\Users\jayde\OneDrive\Attachments\Documents\Desktop\Projects\ASVspoof\data\sample_audio\bonafide_human_185.wav
spoof_ai_250,spoof,1,C:\Users\jayde\OneDrive\Attachments\Documents\Desktop\Projects\ASVspoof\data\sample_audio\spoof_ai_250.wav
bonafide_human_397,bonafide,0,C:\Users\jayde\OneDrive\Attachments\Documents\Desktop\Projects\ASVspoof\data\sample_audio\bonafide_human_397.wav
bonafide_human_154,bonafide,0,C:\Users\jayde\OneDrive\Attachments\Documents\Desktop\Projects\ASVspoof\data\sample_audio\bonafide_human_154.wav
bonafide_human_076,bonafide,0,C:\Users\jayde\OneDrive\Attachments\Documents\Desktop\Projects\ASVspoof\data\sample_audio\bonafide_human_076.wav
spoof_ai_054,spoof,1,C:\Users\jayde\OneDrive\Attachments\Documents\Desktop\Projects\ASVspoof\data\sample_audio\spoof_ai_054.wav
spoof_ai_296,spoof,1,C:\Users\jayde\OneDrive\Attachments\Documents\Desktop\Projects\ASVspoof\data\sample_audio\spoof_ai_296.wav
bonafide_human_278,bonafide,0,C:\Users\jayde\OneDrive\Attachments\Documents\Desktop\Projects\ASVspoof\data\sample_audio\bonafide_human_278.wav
bonafide_human_069,bonafide,0,C:\Users\jayde\OneDrive\Attachments\Documents\Desktop\Projects\ASVspoof\data\sample_audio\bonafide_human_069.wav
spoof_ai_115,spoof,1,C:\Users\jayde\OneDrive\Attachments\Documents\Desktop\Projects\ASVspoof\data\sample_audio\spoof_ai_115.wav
bonafide_human_189,bonafide,0,C:\Users\jayde\OneDrive\Attachments\Documents\Desktop\Projects\ASVspoof\data\sample_audio\bonafide_human_189.wav
bonafide_human_272,bonafide,0,C:\Users\jayde\OneDrive\Attachments\Documents\Desktop\Projects\ASVspoof\data\sample_audio\bonafide_human_272.wav
bonafide_human_237,bonafide,0,C:\Users\jayde\OneDrive\Attachments\Documents\Desktop\Projects\ASVspoof\data\sample_audio\bonafide_human_237.wav
bonafide_human_089,bonafide,0,C:\Users\jayde\OneDrive\Attachments\Documents\Desktop\Projects\ASVspoof\data\sample_audio\bonafide_human_089.wav
spoof_ai_363,spoof,1,C:\Users\jayde\OneDrive\Attachments\Documents\Desktop\Projects\ASVspoof\data\sample_audio\spoof_ai_363.wav
bonafide_human_118,bonafide,0,C:\Users\jayde\OneDrive\Attachments\Documents\Desktop\Projects\ASVspoof\data\sample_audio\bonafide_human_118.wav
bonafide_human_126,bonafide,0,C:\Users\jayde\OneDrive\Attachments\Documents\Desktop\Projects\ASVspoof\data\sample_audio\bonafide_human_126.wav
spoof_ai_261,spoof,1,C:\Users\jayde\OneDrive\Attachments\Documents\Desktop\Projects\ASVspoof\data\sample_audio\spoof_ai_261.wav
bonafide_human_290,bonafide,0,C:\Users\jayde\OneDrive\Attachments\Documents\Desktop\Projects\ASVspoof\data\sample_audio\bonafide_human_290.wav
bonafide_human_239,bonafide,0,C:\Users\jayde\OneDrive\Attachments\Documents\Desktop\Projects\ASVspoof\data\sample_audio\bonafide_human_239.wav
bonafide_human_001,bonafide,0,C:\Users\jayde\OneDrive\Attachments\Documents\Desktop\Projects\ASVspoof\data\sample_audio\bonafide_human_001.wav
spoof_ai_392,spoof,1,C:\Users\jayde\OneDrive\Attachments\Documents\Desktop\Projects\ASVspoof\data\sample_audio\spoof_ai_392.wav
spoof_ai_203,spoof,1,C:\Users\jayde\OneDrive\Attachments\Documents\Desktop\Projects\ASVspoof\data\sample_audio\spoof_ai_203.wav
spoof_ai_395,spoof,1,C:\Users\jayde\OneDrive\Attachments\Documents\Desktop\Projects\ASVspoof\data\sample_audio\spoof_ai_395.wav
spoof_ai_066,spoof,1,C:\Users\jayde\OneDrive\Attachments\Documents\Desktop\Projects\ASVspoof\data\sample_audio\spoof_ai_066.wav
bonafide_human_279,bonafide,0,C:\Users\jayde\OneDrive\Attachments\Documents\Desktop\Projects\ASVspoof\data\sample_audio\bonafide_human_279.wav
spoof_ai_225,spoof,1,C:\Users\jayde\OneDrive\Attachments\Documents\Desktop\Projects\ASVspoof\data\sample_audio\spoof_ai_225.wav
bonafide_human_117,bonafide,0,C:\Users\jayde\OneDrive\Attachments\Documents\Desktop\Projects\ASVspoof\data\sample_audio\bonafide_human_117.wav
bonafide_human_229,bonafide,0,C:\Users\jayde\OneDrive\Attachments\Documents\Desktop\Projects\ASVspoof\data\sample_audio\bonafide_human_229.wav
spoof_ai_357,spoof,1,C:\Users\jayde\OneDrive\Attachments\Documents\Desktop\Projects\ASVspoof\data\sample_audio\spoof_ai_357.wav
spoof_ai_021,spoof,1,C:\Users\jayde\OneDrive\Attachments\Documents\Desktop\Projects\ASVspoof\data\sample_audio\spoof_ai_021.wav
spoof_ai_035,spoof,1,C:\Users\jayde\OneDrive\Attachments\Documents\Desktop\Projects\ASVspoof\data\sample_audio\spoof_ai_035.wav
bonafide_human_275,bonafide,0,C:\Users\jayde\OneDrive\Attachments\Documents\Desktop\Projects\ASVspoof\data\sample_audio\bonafide_human_275.wav
bonafide_human_319,bonafide,0,C:\Users\jayde\OneDrive\Attachments\Documents\Desktop\Projects\ASVspoof\data\sample_audio\bonafide_human_319.wav
spoof_ai_152,spoof,1,C:\Users\jayde\OneDrive\Attachments\Documents\Desktop\Projects\ASVspoof\data\sample_audio\spoof_ai_152.wav
bonafide_human_145,bonafide,0,C:\Users\jayde\OneDrive\Attachments\Documents\Desktop\Projects\ASVspoof\data\sample_audio\bonafide_human_145.wav
spoof_ai_249,spoof,1,C:\Users\jayde\OneDrive\Attachments\Documents\Desktop\Projects\ASVspoof\data\sample_audio\spoof_ai_249.wav
spoof_ai_336,spoof,1,C:\Users\jayde\OneDrive\Attachments\Documents\Desktop\Projects\ASVspoof\data\sample_audio\spoof_ai_336.wav
spoof_ai_327,spoof,1,C:\Users\jayde\OneDrive\Attachments\Documents\Desktop\Projects\ASVspoof\data\sample_audio\spoof_ai_327.wav
spoof_ai_186,spoof,1,C:\Users\jayde\OneDrive\Attachments\Documents\Desktop\Projects\ASVspoof\data\sample_audio\spoof_ai_186.wav
bonafide_human_370,bonafide,0,C:\Users\jayde\OneDrive\Attachments\Documents\Desktop\Projects\ASVspoof\data\sample_audio\bonafide_human_370.wav
bonafide_human_269,bonafide,0,C:\Users\jayde\OneDrive\Attachments\Documents\Desktop\Projects\ASVspoof\data\sample_audio\bonafide_human_269.wav
spoof_ai_168,spoof,1,C:\Users\jayde\OneDrive\Attachments\Documents\Desktop\Projects\ASVspoof\data\sample_audio\spoof_ai_168.wav
bonafide_human_308,bonafide,0,C:\Users\jayde\OneDrive\Attachments\Documents\Desktop\Projects\ASVspoof\data\sample_audio\bonafide_human_308.wav
bonafide_human_311,bonafide,0,C:\Users\jayde\OneDrive\Attachments\Documents\Desktop\Projects\ASVspoof\data\sample_audio\bonafide_human_311.wav
spoof_ai_052,spoof,1,C:\Users\jayde\OneDrive\Attachments\Documents\Desktop\Projects\ASVspoof\data\sample_audio\spoof_ai_052.wav
bonafide_human_047,bonafide,0,C:\Users\jayde\OneDrive\Attachments\Documents\Desktop\Projects\ASVspoof\data\sample_audio\bonafide_human_047.wav
bonafide_human_350,bonafide,0,C:\Users\jayde\OneDrive\Attachments\Documents\Desktop\Projects\ASVspoof\data\sample_audio\bonafide_human_350.wav
bonafide_human_372,bonafide,0,C:\Users\jayde\OneDrive\Attachments\Documents\Desktop\Projects\ASVspoof\data\sample_audio\bonafide_human_372.wav
spoof_ai_124,spoof,1,C:\Users\jayde\OneDrive\Attachments\Documents\Desktop\Projects\ASVspoof\data\sample_audio\spoof_ai_124.wav
bonafide_human_262,bonafide,0,C:\Users\jayde\OneDrive\Attachments\Documents\Desktop\Projects\ASVspoof\data\sample_audio\bonafide_human_262.wav
bonafide_human_196,bonafide,0,C:\Users\jayde\OneDrive\Attachments\Documents\Desktop\Projects\ASVspoof\data\sample_audio\bonafide_human_196.wav
spoof_ai_400,spoof,1,C:\Users\jayde\OneDrive\Attachments\Documents\Desktop\Projects\ASVspoof\data\sample_audio\spoof_ai_400.wav
spoof_ai_273,spoof,1,C:\Users\jayde\OneDrive\Attachments\Documents\Desktop\Projects\ASVspoof\data\sample_audio\spoof_ai_273.wav
bonafide_human_108,bonafide,0,C:\Users\jayde\OneDrive\Attachments\Documents\Desktop\Projects\ASVspoof\data\sample_audio\bonafide_human_108.wav
bonafide_human_060,bonafide,0,C:\Users\jayde\OneDrive\Attachments\Documents\Desktop\Projects\ASVspoof\data\sample_audio\bonafide_human_060.wav
spoof_ai_200,spoof,1,C:\Users\jayde\OneDrive\Attachments\Documents\Desktop\Projects\ASVspoof\data\sample_audio\spoof_ai_200.wav
spoof_ai_040,spoof,1,C:\Users\jayde\OneDrive\Attachments\Documents\Desktop\Projects\ASVspoof\data\sample_audio\spoof_ai_040.wav
bonafide_human_101,bonafide,0,C:\Users\jayde\OneDrive\Attachments\Documents\Desktop\Projects\ASVspoof\data\sample_audio\bonafide_human_101.wav
spoof_ai_078,spoof,1,C:\Users\jayde\OneDrive\Attachments\Documents\Desktop\Projects\ASVspoof\data\sample_audio\spoof_ai_078.wav
spoof_ai_319,spoof,1,C:\Users\jayde\OneDrive\Attachments\Documents\Desktop\Projects\ASVspoof\data\sample_audio\spoof_ai_319.wav
spoof_ai_184,spoof,1,C:\Users\jayde\OneDrive\Attachments\Documents\Desktop\Projects\ASVspoof\data\sample_audio\spoof_ai_184.wav
spoof_ai_338,spoof,1,C:\Users\jayde\OneDrive\Attachments\Documents\Desktop\Projects\ASVspoof\data\sample_audio\spoof_ai_338.wav
bonafide_human_180,bonafide,0,C:\Users\jayde\OneDrive\Attachments\Documents\Desktop\Projects\ASVspoof\data\sample_audio\bonafide_human_180.wav
bonafide_human_305,bonafide,0,C:\Users\jayde\OneDrive\Attachments\Documents\Desktop\Projects\ASVspoof\data\sample_audio\bonafide_human_305.wav
spoof_ai_030,spoof,1,C:\Users\jayde\OneDrive\Attachments\Documents\Desktop\Projects\ASVspoof\data\sample_audio\spoof_ai_030.wav
spoof_ai_108,spoof,1,C:\Users\jayde\OneDrive\Attachments\Documents\Desktop\Projects\ASVspoof\data\sample_audio\spoof_ai_108.wav
spoof_ai_371,spoof,1,C:\Users\jayde\OneDrive\Attachments\Documents\Desktop\Projects\ASVspoof\data\sample_audio\spoof_ai_371.wav
bonafide_human_150,bonafide,0,C:\Users\jayde\OneDrive\Attachments\Documents\Desktop\Projects\ASVspoof\data\sample_audio\bonafide_human_150.wav
bonafide_human_125,bonafide,0,C:\Users\jayde\OneDrive\Attachments\Documents\Desktop\Projects\ASVspoof\data\sample_audio\bonafide_human_125.wav
spoof_ai_235,spoof,1,C:\Users\jayde\OneDrive\Attachments\Documents\Desktop\Projects\ASVspoof\data\sample_audio\spoof_ai_235.wav
spoof_ai_298,spoof,1,C:\Users\jayde\OneDrive\Attachments\Documents\Desktop\Projects\ASVspoof\data\sample_audio\spoof_ai_298.wav
bonafide_human_186,bonafide,0,C:\Users\jayde\OneDrive\Attachments\Documents\Desktop\Projects\ASVspoof\data\sample_audio\bonafide_human_186.wav
spoof_ai_142,spoof,1,C:\Users\jayde\OneDrive\Attachments\Documents\Desktop\Projects\ASVspoof\data\sample_audio\spoof_ai_142.wav
bonafide_human_051,bonafide,0,C:\Users\jayde\OneDrive\Attachments\Documents\Desktop\Projects\ASVspoof\data\sample_audio\bonafide_human_051.wav
spoof_ai_088,spoof,1,C:\Users\jayde\OneDrive\Attachments\Documents\Desktop\Projects\ASVspoof\data\sample_audio\spoof_ai_088.wav
spoof_ai_390,spoof,1,C:\Users\jayde\OneDrive\Attachments\Documents\Desktop\Projects\ASVspoof\data\sample_audio\spoof_ai_390.wav
spoof_ai_086,spoof,1,C:\Users\jayde\OneDrive\Attachments\Documents\Desktop\Projects\ASVspoof\data\sample_audio\spoof_ai_086.wav
bonafide_human_322,bonafide,0,C:\Users\jayde\OneDrive\Attachments\Documents\Desktop\Projects\ASVspoof\data\sample_audio\bonafide_human_322.wav
bonafide_human_354,bonafide,0,C:\Users\jayde\OneDrive\Attachments\Documents\Desktop\Projects\ASVspoof\data\sample_audio\bonafide_human_354.wav
spoof_ai_340,spoof,1,C:\Users\jayde\OneDrive\Attachments\Documents\Desktop\Projects\ASVspoof\data\sample_audio\spoof_ai_340.wav
bonafide_human_143,bonafide,0,C:\Users\jayde\OneDrive\Attachments\Documents\Desktop\Projects\ASVspoof\data\sample_audio\bonafide_human_143.wav
bonafide_human_371,bonafide,0,C:\Users\jayde\OneDrive\Attachments\Documents\Desktop\Projects\ASVspoof\data\sample_audio\bonafide_human_371.wav
bonafide_human_142,bonafide,0,C:\Users\jayde\OneDrive\Attachments\Documents\Desktop\Projects\ASVspoof\data\sample_audio\bonafide_human_142.wav
bonafide_human_400,bonafide,0,C:\Users\jayde\OneDrive\Attachments\Documents\Desktop\Projects\ASVspoof\data\sample_audio\bonafide_human_400.wav
bonafide_human_264,bonafide,0,C:\Users\jayde\OneDrive\Attachments\Documents\Desktop\Projects\ASVspoof\data\sample_audio\bonafide_human_264.wav
bonafide_human_321,bonafide,0,C:\Users\jayde\OneDrive\Attachments\Documents\Desktop\Projects\ASVspoof\data\sample_audio\bonafide_human_321.wav
bonafide_human_020,bonafide,0,C:\Users\jayde\OneDrive\Attachments\Documents\Desktop\Projects\ASVspoof\data\sample_audio\bonafide_human_020.wav
bonafide_human_173,bonafide,0,C:\Users\jayde\OneDrive\Attachments\Documents\Desktop\Projects\ASVspoof\data\sample_audio\bonafide_human_173.wav
spoof_ai_254,spoof,1,C:\Users\jayde\OneDrive\Attachments\Documents\Desktop\Projects\ASVspoof\data\sample_audio\spoof_ai_254.wav
bonafide_human_313,bonafide,0,C:\Users\jayde\OneDrive\Attachments\Documents\Desktop\Projects\ASVspoof\data\sample_audio\bonafide_human_313.wav
bonafide_human_391,bonafide,0,C:\Users\jayde\OneDrive\Attachments\Documents\Desktop\Projects\ASVspoof\data\sample_audio\bonafide_human_391.wav
spoof_ai_346,spoof,1,C:\Users\jayde\OneDrive\Attachments\Documents\Desktop\Projects\ASVspoof\data\sample_audio\spoof_ai_346.wav
bonafide_human_013,bonafide,0,C:\Users\jayde\OneDrive\Attachments\Documents\Desktop\Projects\ASVspoof\data\sample_audio\bonafide_human_013.wav
spoof_ai_008,spoof,1,C:\Users\jayde\OneDrive\Attachments\Documents\Desktop\Projects\ASVspoof\data\sample_audio\spoof_ai_008.wav
spoof_ai_009,spoof,1,C:\Users\jayde\OneDrive\Attachments\Documents\Desktop\Projects\ASVspoof\data\sample_audio\spoof_ai_009.wav
bonafide_human_306,bonafide,0,C:\Users\jayde\OneDrive\Attachments\Documents\Desktop\Projects\ASVspoof\data\sample_audio\bonafide_human_306.wav
bonafide_human_355,bonafide,0,C:\Users\jayde\OneDrive\Attachments\Documents\Desktop\Projects\ASVspoof\data\sample_audio\bonafide_human_355.wav
bonafide_human_026,bonafide,0,C:\Users\jayde\OneDrive\Attachments\Documents\Desktop\Projects\ASVspoof\data\sample_audio\bonafide_human_026.wav
spoof_ai_198,spoof,1,C:\Users\jayde\OneDrive\Attachments\Documents\Desktop\Projects\ASVspoof\data\sample_audio\spoof_ai_198.wav
bonafide_human_170,bonafide,0,C:\Users\jayde\OneDrive\Attachments\Documents\Desktop\Projects\ASVspoof\data\sample_audio\bonafide_human_170.wav
bonafide_human_039,bonafide,0,C:\Users\jayde\OneDrive\Attachments\Documents\Desktop\Projects\ASVspoof\data\sample_audio\bonafide_human_039.wav
bonafide_human_176,bonafide,0,C:\Users\jayde\OneDrive\Attachments\Documents\Desktop\Projects\ASVspoof\data\sample_audio\bonafide_human_176.wav
bonafide_human_246,bonafide,0,C:\Users\jayde\OneDrive\Attachments\Documents\Desktop\Projects\ASVspoof\data\sample_audio\bonafide_human_246.wav
bonafide_human_299,bonafide,0,C:\Users\jayde\OneDrive\Attachments\Documents\Desktop\Projects\ASVspoof\data\sample_audio\bonafide_human_299.wav
spoof_ai_269,spoof,1,C:\Users\jayde\OneDrive\Attachments\Documents\Desktop\Projects\ASVspoof\data\sample_audio\spoof_ai_269.wav
spoof_ai_017,spoof,1,C:\Users\jayde\OneDrive\Attachments\Documents\Desktop\Projects\ASVspoof\data\sample_audio\spoof_ai_017.wav
spoof_ai_149,spoof,1,C:\Users\jayde\OneDrive\Attachments\Documents\Desktop\Projects\ASVspoof\data\sample_audio\spoof_ai_149.wav
bonafide_human_273,bonafide,0,C:\Users\jayde\OneDrive\Attachments\Documents\Desktop\Projects\ASVspoof\data\sample_audio\bonafide_human_273.wav
spoof_ai_212,spoof,1,C:\Users\jayde\OneDrive\Attachments\Documents\Desktop\Projects\ASVspoof\data\sample_audio\spoof_ai_212.wav
bonafide_human_155,bonafide,0,C:\Users\jayde\OneDrive\Attachments\Documents\Desktop\Projects\ASVspoof\data\sample_audio\bonafide_human_155.wav
bonafide_human_127,bonafide,0,C:\Users\jayde\OneDrive\Attachments\Documents\Desktop\Projects\ASVspoof\data\sample_audio\bonafide_human_127.wav
spoof_ai_050,spoof,1,C:\Users\jayde\OneDrive\Attachments\Documents\Desktop\Projects\ASVspoof\data\sample_audio\spoof_ai_050.wav
spoof_ai_172,spoof,1,C:\Users\jayde\OneDrive\Attachments\Documents\Desktop\Projects\ASVspoof\data\sample_audio\spoof_ai_172.wav
bonafide_human_342,bonafide,0,C:\Users\jayde\OneDrive\Attachments\Documents\Desktop\Projects\ASVspoof\data\sample_audio\bonafide_human_342.wav
spoof_ai_031,spoof,1,C:\Users\jayde\OneDrive\Attachments\Documents\Desktop\Projects\ASVspoof\data\sample_audio\spoof_ai_031.wav
bonafide_human_288,bonafide,0,C:\Users\jayde\OneDrive\Attachments\Documents\Desktop\Projects\ASVspoof\data\sample_audio\bonafide_human_288.wav
bonafide_human_114,bonafide,0,C:\Users\jayde\OneDrive\Attachments\Documents\Desktop\Projects\ASVspoof\data\sample_audio\bonafide_human_114.wav
spoof_ai_100,spoof,1,C:\Users\jayde\OneDrive\Attachments\Documents\Desktop\Projects\ASVspoof\data\sample_audio\spoof_ai_100.wav
bonafide_human_174,bonafide,0,C:\Users\jayde\OneDrive\Attachments\Documents\Desktop\Projects\ASVspoof\data\sample_audio\bonafide_human_174.wav
bonafide_human_360,bonafide,0,C:\Users\jayde\OneDrive\Attachments\Documents\Desktop\Projects\ASVspoof\data\sample_audio\bonafide_human_360.wav
spoof_ai_083,spoof,1,C:\Users\jayde\OneDrive\Attachments\Documents\Desktop\Projects\ASVspoof\data\sample_audio\spoof_ai_083.wav
bonafide_human_058,bonafide,0,C:\Users\jayde\OneDrive\Attachments\Documents\Desktop\Projects\ASVspoof\data\sample_audio\bonafide_human_058.wav
spoof_ai_153,spoof,1,C:\Users\jayde\OneDrive\Attachments\Documents\Desktop\Projects\ASVspoof\data\sample_audio\spoof_ai_153.wav
bonafide_human_223,bonafide,0,C:\Users\jayde\OneDrive\Attachments\Documents\Desktop\Projects\ASVspoof\data\sample_audio\bonafide_human_223.wav
bonafide_human_281,bonafide,0,C:\Users\jayde\OneDrive\Attachments\Documents\Desktop\Projects\ASVspoof\data\sample_audio\bonafide_human_281.wav
